{
  "phase": "Phase 2 Optimized",
  "test_count": 50,
  "t_total_encode": {
    "mean": 14.542468003928661,
    "median": 9.751850040629506,
    "std": 9.761591020179745,
    "min": 6.638200022280216,
    "max": 45.8899000659585,
    "p95": 30.97140500321984,
    "p99": 40.40444793878121
  },
  "t_keygen": {
    "mean": 0.06031000521034002,
    "median": 0.058399979025125504,
    "std": 0.005365471846159869,
    "min": 0.05350005812942982,
    "max": 0.0779998954385519,
    "p95": 0.06979501340538263,
    "p99": 0.07530493196099995
  },
  "t_key_exchange": {
    "mean": 0.10456801857799292,
    "median": 0.10220007970929146,
    "std": 0.007811887239611318,
    "min": 0.09540002793073654,
    "max": 0.14590006321668625,
    "p95": 0.11399005306884645,
    "p99": 0.13257207581773395
  },
  "t_encrypt": {
    "mean": 0.018125991337001324,
    "median": 0.017749960534274578,
    "std": 0.001836055070817571,
    "min": 0.015500001609325409,
    "max": 0.023300061002373695,
    "p95": 0.02219488378614187,
    "p99": 0.023104059509932995
  },
  "t_mapping": {
    "mean": 0.01278000883758068,
    "median": 0.011499971151351929,
    "std": 0.008062025011783313,
    "min": 0.010599847882986069,
    "max": 0.06889994256198406,
    "p95": 0.01376505242660641,
    "p99": 0.04268491407856334
  },
  "t_embedding": {
    "mean": 0.28234601952135563,
    "median": 0.27600000612437725,
    "std": 0.0641844811072385,
    "min": 0.1946999691426754,
    "max": 0.48760022036731243,
    "p95": 0.4271450452506542,
    "p99": 0.45991506660357107
  },
  "t_io_write": {
    "mean": 11.860157991759479,
    "median": 7.525199907831848,
    "std": 8.862265916440323,
    "min": 4.975200165063143,
    "max": 43.21759985759854,
    "p95": 26.182434975635257,
    "p99": 36.91904192790386
  },
  "t_total_decode": {
    "mean": 2.91899798437953,
    "median": 2.4295999901369214,
    "std": 1.3071949370471738,
    "min": 1.7758999019861221,
    "max": 6.407100008800626,
    "p95": 5.353079899214208,
    "p99": 5.982661971356718
  },
  "t_io_read": {
    "mean": 2.443983992561698,
    "median": 2.0072500919923186,
    "std": 1.3010650899676508,
    "min": 1.2745000422000885,
    "max": 5.882299970835447,
    "p95": 4.842120059765875,
    "p99": 5.479862929787485
  },
  "t_extract": {
    "mean": 0.19555199425667524,
    "median": 0.19215000793337822,
    "std": 0.044590362079858725,
    "min": 0.13480009511113167,
    "max": 0.30569988302886486,
    "p95": 0.2997848903760314,
    "p99": 0.30373998219147325
  },
  "t_decrypt": {
    "mean": 0.19652001094073057,
    "median": 0.1938000787049532,
    "std": 0.009779721446978732,
    "min": 0.18660002388060093,
    "max": 0.24179997853934765,
    "p95": 0.2129650441929698,
    "p99": 0.2337150881066918
  },
  "peak_memory_encode": {
    "mean": 1.643125,
    "median": 1.75,
    "std": 0.5072423241317949,
    "min": 0.984375,
    "max": 3.26171875,
    "p95": 2.5181640625,
    "p99": 3.2598046875
  },
  "peak_memory_decode": {
    "mean": 73.483125,
    "median": 73.48046875,
    "std": 0.41385198068157475,
    "min": 72.7109375,
    "max": 74.04296875,
    "p95": 74.0220703125,
    "p99": 74.0353125
  },
  "memory_baseline": {
    "mean": 71.128984375,
    "median": 71.23046875,
    "std": 0.5222412227844434,
    "min": 69.7109375,
    "max": 72.109375,
    "p95": 71.7109375,
    "p99": 72.0615234375
  },
  "cpu_core_seconds_encode": {
    "mean": 0.01454246800392866,
    "median": 0.009751850040629506,
    "std": 0.009761591020179747,
    "min": 0.006638200022280216,
    "max": 0.0458899000659585,
    "p95": 0.03097140500321984,
    "p99": 0.04040444793878121
  },
  "cpu_core_seconds_decode": {
    "mean": 0.00291899798437953,
    "median": 0.0024295999901369214,
    "std": 0.0013071949370471738,
    "min": 0.0017758999019861221,
    "max": 0.006407100008800626,
    "p95": 0.0053530798992142085,
    "p99": 0.005982661971356718
  },
  "modular_inversion_count": {
    "mean": 0.0,
    "median": 0.0,
    "std": 0.0,
    "min": 0.0,
    "max": 0.0,
    "p95": 0.0,
    "p99": 0.0
  },
  "ecc_point_operations": {
    "mean": 1.0,
    "median": 1.0,
    "std": 0.0,
    "min": 1.0,
    "max": 1.0,
    "p95": 1.0,
    "p99": 1.0
  },
  "psnr_db": {
    "mean": 80.50432345803866,
    "median": 80.45041633920384,
    "std": 1.0410674853786626,
    "min": 78.0565155054729,
    "max": 82.41873917185124,
    "p95": 82.14405186677294,
    "p99": 82.36141468317655
  },
  "ssim": {
    "mean": 0.9999999404738125,
    "median": 0.9999999679728159,
    "std": 5.667465752113051e-08,
    "min": 0.9999998059140747,
    "max": 0.9999999817292939,
    "p95": 0.9999999812491002,
    "p99": 0.9999999817101645
  },
  "mse": {
    "mean": 0.0005963134765625,
    "median": 0.0005861918131510417,
    "std": 0.0001508844361565812,
    "min": 0.0003725687662760417,
    "max": 0.0010172526041666667,
    "p95": 0.0009386698404947915,
    "p99": 0.0009960683186848959
  },
  "payload_size_bytes": {
    "mean": 119.3,
    "median": 118.0,
    "std": 27.777868888739466,
    "min": 81.0,
    "max": 187.0,
    "p95": 187.0,
    "p99": 187.0
  },
  "message_size_bytes": {
    "mean": 54.3,
    "median": 53.0,
    "std": 27.777868888739466,
    "min": 16.0,
    "max": 122.0,
    "p95": 122.0,
    "p99": 122.0
  },
  "overhead_bytes": {
    "mean": 65.0,
    "median": 65.0,
    "std": 0.0,
    "min": 65.0,
    "max": 65.0,
    "p95": 65.0,
    "p99": 65.0
  },
  "bits_per_pixel": {
    "mean": 0.0036407470703125,
    "median": 0.00360107421875,
    "std": 0.0008477132839581136,
    "min": 0.002471923828125,
    "max": 0.005706787109375,
    "p95": 0.005706787109375,
    "p99": 0.005706787109375
  },
  "embedding_efficiency": {
    "mean": 0.428353883039817,
    "median": 0.4491525423728814,
    "std": 0.1203329950111064,
    "min": 0.19753086419753085,
    "max": 0.6524064171122995,
    "p95": 0.6524064171122995,
    "p99": 0.6524064171122995
  },
  "message_integrity": {
    "mean": 1.0,
    "median": 1.0,
    "std": 0.0,
    "min": 1.0,
    "max": 1.0,
    "p95": 1.0,
    "p99": 1.0
  },
  "decode_success": {
    "mean": 1.0,
    "median": 1.0,
    "std": 0.0,
    "min": 1.0,
    "max": 1.0,
    "p95": 1.0,
    "p99": 1.0
  }
}