{
  "phase": "Phase 1 Baseline",
  "test_count": 50,
  "t_total_encode": {
    "mean": 13.316057999618351,
    "median": 6.319400039501488,
    "std": 13.59701807556174,
    "min": 4.357500001788139,
    "max": 65.50599983893335,
    "p95": 36.29354001022874,
    "p99": 52.43461284786457
  },
  "t_keygen": {
    "mean": 0.06929201073944569,
    "median": 0.05725002847611904,
    "std": 0.06496007980734665,
    "min": 0.05020014941692352,
    "max": 0.5205001216381788,
    "p95": 0.07783494656905532,
    "p99": 0.30940811149775893
  },
  "t_key_exchange": {
    "mean": 0.1209240173920989,
    "median": 0.10374991688877344,
    "std": 0.09106909285159479,
    "min": 0.09390013292431831,
    "max": 0.7488001137971878,
    "p95": 0.13764506438747046,
    "p99": 0.4788590548560012
  },
  "t_encrypt": {
    "mean": 0.04465400706976652,
    "median": 0.043100095354020596,
    "std": 0.005234736525783088,
    "min": 0.038899946957826614,
    "max": 0.06260001100599766,
    "p95": 0.056999968364834765,
    "p99": 0.06240400951355696
  },
  "t_mapping": {
    "mean": 0.09999999999999998,
    "median": 0.1,
    "std": 2.7755575615628914e-17,
    "min": 0.1,
    "max": 0.1,
    "p95": 0.1,
    "p99": 0.1
  },
  "t_embedding": {
    "mean": 13.07706798426807,
    "median": 6.043999921530485,
    "std": 13.612545586839742,
    "min": 4.166999831795692,
    "max": 65.30049978755414,
    "p95": 36.09121515182777,
    "p99": 52.228769850917104
  },
  "t_io_write": {
    "mean": 0.0,
    "median": 0.0,
    "std": 0.0,
    "min": 0.0,
    "max": 0.0,
    "p95": 0.0,
    "p99": 0.0
  },
  "t_total_decode": {
    "mean": 2.9698479920625687,
    "median": 2.600249950774014,
    "std": 1.0929675619055828,
    "min": 1.8059001304209232,
    "max": 5.211899988353252,
    "p95": 5.125040002167225,
    "p99": 5.1868120254948735
  },
  "t_io_read": {
    "mean": 0.0,
    "median": 0.0,
    "std": 0.0,
    "min": 0.0,
    "max": 0.0,
    "p95": 0.0,
    "p99": 0.0
  },
  "t_extract": {
    "mean": 2.784605994820595,
    "median": 2.4206499801948667,
    "std": 1.091973714759835,
    "min": 1.6286999452859163,
    "max": 5.00050000846386,
    "p95": 4.937060095835477,
    "p99": 4.989230036735535
  },
  "t_decrypt": {
    "mean": 0.1827440084889531,
    "median": 0.18005003221333027,
    "std": 0.010817285495516063,
    "min": 0.17239991575479507,
    "max": 0.23399991914629936,
    "p95": 0.20699994638562202,
    "p99": 0.22130899364128703
  },
  "peak_memory_encode": {
    "mean": 0.015078125,
    "median": 0.0,
    "std": 0.10554687499999998,
    "min": 0.0,
    "max": 0.75390625,
    "p95": 0.0,
    "p99": 0.3844921874999985
  },
  "peak_memory_decode": {
    "mean": 71.11140625,
    "median": 70.765625,
    "std": 0.7395979660377573,
    "min": 70.27734375,
    "max": 72.7265625,
    "p95": 72.44375,
    "p99": 72.6059765625
  },
  "memory_baseline": {
    "mean": 71.12875,
    "median": 71.21484375,
    "std": 0.3621580081284445,
    "min": 70.0078125,
    "max": 71.7109375,
    "p95": 71.50234375,
    "p99": 71.7109375
  },
  "cpu_core_seconds_encode": {
    "mean": 0.01331605799961835,
    "median": 0.006319400039501488,
    "std": 0.013597018075561738,
    "min": 0.004357500001788139,
    "max": 0.06550599983893335,
    "p95": 0.03629354001022874,
    "p99": 0.052434612847864576
  },
  "cpu_core_seconds_decode": {
    "mean": 0.0029698479920625687,
    "median": 0.002600249950774014,
    "std": 0.0010929675619055826,
    "min": 0.0018059001304209232,
    "max": 0.005211899988353252,
    "p95": 0.005125040002167225,
    "p99": 0.005186812025494873
  },
  "modular_inversion_count": {
    "mean": 2.0,
    "median": 2.0,
    "std": 0.0,
    "min": 2.0,
    "max": 2.0,
    "p95": 2.0,
    "p99": 2.0
  },
  "ecc_point_operations": {
    "mean": 1.0,
    "median": 1.0,
    "std": 0.0,
    "min": 1.0,
    "max": 1.0,
    "p95": 1.0,
    "p99": 1.0
  },
  "psnr_db": {
    "mean": 82.01549384898019,
    "median": 81.90886618625302,
    "std": 1.4541278925820518,
    "min": 78.91837698163573,
    "max": 84.93897689491536,
    "p95": 84.3842605474892,
    "p99": 84.75273189854761
  },
  "ssim": {
    "mean": 0.9999999568032192,
    "median": 0.9999999769654192,
    "std": 4.30683007651368e-08,
    "min": 0.999999856693235,
    "max": 0.9999999866093069,
    "p95": 0.9999999858402178,
    "p99": 0.9999999864753994
  },
  "mse": {
    "mean": 0.00043263753255208336,
    "median": 0.00041898091634114587,
    "std": 0.00015063510429664376,
    "min": 0.00020853678385416666,
    "max": 0.0008341471354166666,
    "p95": 0.0007903416951497396,
    "p99": 0.0008142089843749999
  },
  "payload_size_bytes": {
    "mean": 82.3,
    "median": 81.0,
    "std": 27.777868888739466,
    "min": 44.0,
    "max": 150.0,
    "p95": 150.0,
    "p99": 150.0
  },
  "message_size_bytes": {
    "mean": 54.3,
    "median": 53.0,
    "std": 27.777868888739466,
    "min": 16.0,
    "max": 122.0,
    "p95": 122.0,
    "p99": 122.0
  },
  "overhead_bytes": {
    "mean": 28.0,
    "median": 28.0,
    "std": 0.0,
    "min": 28.0,
    "max": 28.0,
    "p95": 28.0,
    "p99": 28.0
  },
  "bits_per_pixel": {
    "mean": 0.0025115966796875,
    "median": 0.002471923828125,
    "std": 0.0008477132839581136,
    "min": 0.0013427734375,
    "max": 0.00457763671875,
    "p95": 0.00457763671875,
    "p99": 0.00457763671875
  },
  "embedding_efficiency": {
    "mean": 0.6229206326027041,
    "median": 0.654320987654321,
    "std": 0.1197004911922378,
    "min": 0.36363636363636365,
    "max": 0.8133333333333334,
    "p95": 0.8133333333333334,
    "p99": 0.8133333333333334
  },
  "message_integrity": {
    "mean": 1.0,
    "median": 1.0,
    "std": 0.0,
    "min": 1.0,
    "max": 1.0,
    "p95": 1.0,
    "p99": 1.0
  },
  "decode_success": {
    "mean": 1.0,
    "median": 1.0,
    "std": 0.0,
    "min": 1.0,
    "max": 1.0,
    "p95": 1.0,
    "p99": 1.0
  }
}